,wi_acc,ac_acc,wi_RT,ac_RT
1,0.8333333333333334,1.0,1150.800657273,1324.4678020484
2,0.6666666666666666,0.8,1127.2784471525001,1957.8703045825
3,0.6666666666666666,0.6,1075.692057607,1138.2583777099999
4,0.8333333333333334,0.8,1182.3369503019999,1177.387475967
5,0.6666666666666666,0.4,1155.7484865195,1700.2774476999998
6,0.6666666666666666,1.0,912.85222768675,1072.0570087442
7,0.8333333333333334,0.8,1477.4114131925999,2296.226620675
8,0.6666666666666666,1.0,807.4872493744999,906.074333191
