,wi_acc,ac_acc,wi_RT,ac_RT
1,0.6666666666666666,0.8,867.4279451369999,1157.50795602675
2,1.0,1.0,955.0537268316666,1284.9821567534002
3,1.0,0.8,1012.886683147,1159.0139269822498
4,1.0,0.8,961.7069562276666,944.01305913925
5,0.3333333333333333,1.0,1233.14499855,1407.1967124932
6,0.6666666666666666,0.8,802.9170036315,1539.95549678675
7,1.0,0.8,1921.4856624610002,1383.8504552845
8,1.0,0.8,1082.1715990713333,1067.07203388025
