,wi_acc,ac_acc,wi_RT,ac_RT
1,0.3333333333333333,0.4,2407.8785181050002,2641.33310318
2,0.6666666666666666,0.4,1661.3530516625,2050.28891563
3,0.5,0.4,1400.6760120383333,1160.6849432
4,0.6666666666666666,0.8,1612.758278845,1383.935034275
