,wi_acc,ac_acc,wi_tout,ac_tout,wi_RT,ac_RT
2,0.6666666666666666,0.6,0.0,0.2,1980.898618695,1793.6070760100001
3,1.0,0.6,0.0,0.0,1691.63274765,1632.1369806933333
