,wi_acc,ac_acc,wi_tout,ac_tout,wi_RT,ac_RT
8,0.6666666666666666,0.8,0.0,0.2,2684.1479539849997,2156.4092636124997
10,0.6666666666666666,0.8,0.0,0.2,1732.61094093,3207.5817584975002
12,0.6666666666666666,0.4,0.3333333333333333,0.4,2904.7305584,3058.61592293
14,0.6666666666666666,1.0,0.0,0.0,1935.21797657,2376.87535286
