"cartoon","acc","RT"
1,0.0628539361054709,47.2469473653087
2,0.0687184270936277,100.929515223661
