"cartoon","acc","RT"
1,0.0754615428178118,90.8462087398309
2,0.052220058634681,85.8881522963143
