"cartoon","acc","tout","RT"
1,0.0792713732521643,0.0283278861866266,192.870290859513
2,0.0893218621711862,0,190.106745703838
