"cartoon","acc","RT"
1,0.0693888666488711,53.1630179547464
2,0.0717697125002819,64.2748308253486
